{
  "version": 1,
  "name": "Area 04 - Resonant Vault",
  "estimated_playtime_minutes": 12,
  "description": "Mid-area challenge: patrol enemies and a mini-boss encounter.",
  "entities": [
    { "components": { "position": { "x": 120, "y": 640 }, "player_spawn": true } },
    { "components": { "position": { "x": 500, "y": 600 }, "enemy": { "type": "patrol", "radius": 48 } } },
    { "components": { "position": { "x": 1000, "y": 520 }, "collectible": { "type": "memory_fragment", "id": "mf-04" } } }
  ]
}