{
  "id": "level_03_archives",
  "name": "Archives - Shard Recovery",
  "description": "Maze-like archive rooms containing memory shards and small environmental puzzles.",
  "width": 1600,
  "height": 900,
  "estimated_playtime_minutes": 10,
  "entities": [
    { "type": "player_spawn", "x": 200, "y": 860 },
    { "type": "platform", "x": 0, "y": 880, "width": 1600, "height": 20 },
    { "type": "collectible", "id": "shard_1", "x": 400, "y": 740 },
    { "type": "puzzle", "id": "archive_lock", "puzzle_type": "pressure_plate_sequence", "x": 1200, "y": 740, "difficulty": "easy", "hint": "Reconstruct the archive index." }
  ]
}